[
  {
    "id": "9d1d47c8-ec12-40af-8b93-c76ddf4e2447",
    "name": "Final Fantasy 7 Remake",
    "price": "59.99",
    "details": "Awesome Man",
    "thumbnail": "",
    "screenshots": [],
    "review": "",
    "purchaseReady": false,
    "preOrder": true
  },
  {
    "id": "b11fb20f-9e16-4d26-a2d9-17ad43d78881",
    "name": "Cyperpunk 2077",
    "price": "59.99",
    "details": "Awesome Man",
    "thumbnail": "",
    "screenshots": [],
    "review": "",
    "purchaseReady": false,
    "preOrder": true
  },
  {
    "id": "f59ff3eb-e198-43d3-8f16-b4eb8b377b5a",
    "name": "Final Fantasy 7 Remake",
    "price": "59.99",
    "details": "Awesome Man",
    "thumbnail": "",
    "screenshots": [],
    "review": "",
    "purchaseReady": false,
    "preOrder": true
  },
  {
    "id": "548a39ab-a809-45b0-ab4e-340ea64ad9a7",
    "name": "Cyperpunk 2077",
    "price": "59.99",
    "details": "Awesome Man",
    "thumbnail": "",
    "screenshots": [],
    "review": "",
    "purchaseReady": false,
    "preOrder": true
  },
  {
    "id": "1c426b2d-2730-40c7-a884-d4177711d7e0",
    "name": "Final Fantasy 7 Remake",
    "price": "59.99",
    "details": "Awesome Man",
    "thumbnail": "",
    "screenshots": [],
    "review": "",
    "purchaseReady": false,
    "preOrder": true
  },
  {
    "id": "639f2695-f73d-4500-a9b7-568d07408538",
    "name": "Cyperpunk 2077",
    "price": "59.99",
    "details": "Awesome Man",
    "thumbnail": "",
    "screenshots": [],
    "review": "",
    "purchaseReady": false,
    "preOrder": true
  }
]
